Query,Location,Matched Disease,Matched Severity,Confidence (%),LLM Response,Timestamp
blister blight medium,Hatton,Blister Blight,Medium,67.7,"Hello from Hatton! I'm here to help you with Blister Blight, a common disease affecting tea plants in our area.

**Symptoms:**

* Light brown depressions on leaves
* Blisters or swellings on lower leaf surface with white fuzz
* Leaf distortion, curling, and dead spots
* Young stems bend slightly

**Treatments:**

* Protective:
	+ Copper oxychloride (0.5-1% solution) to prevent the disease from spreading
	+ Bordeaux mixture (1:1:100) as a foliar spray every 7-10 days during rainy season
* Systemic:
	+ Hexaconazole (0.1-0.2%) or propiconazole (0.05%) for 2-3 applications to control the disease from within
* Cultural:
	+ Regulate shade trees to 50% cover to prevent moisture buildup
	+ Improve ventilation by removing weeds

**Practical Tips:**

* Keep your tea garden well-maintained and clean to prevent the spread of disease
* Monitor your plants regularly for any signs of Blister Blight
* Consider using Trichoderma harzianum, a natural biocontrol agent, as an alternative to chemicals

**Safety Note:** Always wear protective gear when handling chemical pesticides and fungicides. Make sure to follow the instructions on the label carefully and take necessary precautions to avoid exposure.",2026-02-16 11:30:08
blister blight medium,Hatton,Blister Blight,Medium,67.7,"Hello there, fellow tea farmer from Hatton! I'm here to help you tackle the problem of Blister Blight on your tea plants.

**Symptoms:**

* Light brown depressions on leaves that get bigger and deeper
* White velvety spots on the lower leaf surface (that's where the blisters form)
* Leaf distortion, curling, or even necrosis (parts of the leaf die off)
* Some tender shoots may be affected by 10-30%
* Young stems might bend slightly

**Treatments:**

* **Protective measures:** Use Copper oxychloride (0.5-1% solution) or Bordeaux mixture (1:1:100) as foliar sprays every 7-10 days during the rainy season.
* **Systemic treatments:** Apply Hexaconazole (0.1-0.2%) or propiconazole (0.05%) for 2-3 applications.
* **Cultural practices:** Regulate shade trees to 50% cover and remove weeds to improve ventilation.

**Practical tips:**

* Keep your tea garden well-drained to prevent waterlogged soil, which can spread the disease.
* Prune infected shoots immediately to prevent further damage.

**Safety note:** Always wear protective clothing, gloves, and masks when handling chemicals or working with diseased plants.",2026-02-16 11:32:42
blister blight medium,Hatton,Blister Blight,Medium,67.7,"Hello! I'm glad you're from Hatton, Sri Lanka. If your tea plants are affected by Blister Blight, here's what you need to know:

**Symptoms:**

• Spots grow into light brown depressions on leaves.
• White, velvety growths (spores) appear on the lower side of leaves.
• Leaves may twist and turn.
• Young shoots might bend or curl.

**Treatments:**

* Protective spray every 7-10 days during rainy season with:
	+ Copper oxychloride (0.5-1% solution)
	+ Bordeaux mixture (1:1:100)
* Systemic treatment for 2-3 applications with:
	+ Hexaconazole (0.1-0.2%)
	+ Propiconazole (0.05%)
* Improve air circulation by removing weeds.
* Use Trichoderma harzianum as an alternative to chemicals.

**Tips:**

1. Keep shade trees at 50% cover to prevent over-shading.
2. Remove weeds regularly to improve ventilation.
3. Apply treatments promptly when symptoms appear.

Remember, always use protective gear and follow label instructions when applying any chemical treatment.",2026-02-16 11:33:50
blister blight medium,Hatton,Blister Blight,Medium,67.7,"Hello there! I'm a tea disease assistant here in Hatton, Sri Lanka. I'd like to help you understand Blister Blight on your tea plants.

**Symptoms:**

• Spots grow into light brown depressions
• Blisters or swellings on the lower leaf surface with white velvety growths
• Some leaves may distort, curl up, or die
• Young shoots (10-30%) are affected and can spread quickly in misty weather

**Treatments:**

• **Protective:** Use Copper oxychloride (0.5-1% solution) or Bordeaux mixture as foliar sprays every 7-10 days during rainy season.
• **Systemic:** Apply Hexaconazole (0.1-0.2%) or Propiconazole (0.05%) for 2-3 times.
• **Cultural:** Keep shade trees at 50% cover and remove weeds to improve ventilation.
• **Biocontrol:** Use Trichoderma harzianum (5 g/L) as an organic alternative.

**Practical Tips:**

* Monitor your tea plants regularly, especially during rainy season.
* Improve air circulation around your tea estate.
* Regularly prune weak or diseased shoots.

Remember to handle chemicals with care and follow the recommended application rates. Always wear protective clothing and gloves when spraying.",2026-02-16 11:36:42
blister blight medium,Hatton,Blister Blight,Medium,67.7,"Hello from Hatton, Sri Lanka! I'm here to help you understand Blister Blight on your tea plants.

**Symptoms:**

* Spots turn light brown and form depressions
* White velvety growth (sporangia) appears on lower leaf surface
* Leaf distortion, curling, and necrosis (dying parts)
* 10-30% of tender shoots are affected
* Young stems may bend slightly

**Treatments:**

* **Protective measures:** 
	+ Copper oxychloride or Bordeaux mixture as foliar sprays every 7-10 days during rainy season
* **Systemic treatments:**
	+ Hexaconazole or propiconazole for 2-3 applications
* **Cultural practices:**
	+ Regulate shade trees to 50% cover
	+ Improve ventilation by removing weeds

**Practical tips for local farmers:**

* Monitor your tea plants closely during the rainy season.
* Remove weeds and dead leaves regularly.
* Use proper equipment when handling fungicides.

**Safety note:** Always wear protective gear, including gloves, masks, and eye protection, when applying fungicides.",2026-02-20 09:48:46
blister blight medium,Hatton,Blister Blight,Medium,67.7,"Hello from Hatton, Sri Lanka! I'm here to help you understand Blister Blight on tea plants.

**Symptoms:**

* Spots turn light brown and sink into the leaf.
* White velvety growths appear on the lower side of leaves.
* Leaves might curl, bend, or even die (necrosis).
* Young shoots can be affected, causing yield loss.

**Treatments:**

* **Protective treatments**: 
  * Copper oxychloride or Bordeaux mixture as foliar sprays every 7-10 days during rainy season.
* **Systemic treatments**:
  * Hexaconazole or propiconazole applied for 2-3 times.
* **Cultural practices**:
  * Keep shade trees at 50% cover to improve air circulation.
  * Remove weeds to reduce moisture around plants.

**Practical tips for local farmers:**

1. Regularly inspect your tea fields for signs of Blister Blight.
2. Maintain a healthy distance between shade trees and tea plants.
3. Encourage good air circulation by pruning nearby vegetation.

**Safety note:** Always wear protective gear (gloves, mask) when handling chemicals. Make sure to follow the recommended application rates to avoid harming your tea plants or yourself.",2026-02-20 09:49:56
blister blight medium,Hatton,Blister Blight,Medium,67.7,"Hello from Hatton, Sri Lanka! I'm here to help you identify and manage Blister Blight on your tea plants.

**Symptoms:**

* Spots on leaves turn light brown and form depressions
* White velvety growths (sporangia) appear on lower leaf surface
* Leaves may distort, curl, or become necrotic (dead)
* 10-30% of tender shoots are affected
* Young stems may bend slightly

**Treatments:**

* **Protective:** Use Copper oxychloride or Bordeaux mixture as foliar sprays every 7-10 days during rainy season.
* **Systemic:** Apply Hexaconazole or propiconazole for 2-3 applications.
* **Cultural:** Regulate shade trees to 50% cover and remove weeds for better ventilation.

**Practical Tips for Local Farmers:**

* Regularly monitor your tea plants, especially in misty weather.
* Use a combination of treatments for best results.
* Consider using Trichoderma harzianum as an alternative to chemicals for organic tea production.

**Safety Note:** Always wear protective clothing and gloves when applying fungicides. Make sure to follow the recommended dilution rates and application instructions to avoid harming yourself or the environment.",2026-02-22 12:41:52
blister blight low,Hatton,Blister Blight,Low,67.8,"Hello there, neighbor from Hatton! I'm here to help you understand Blister Blight, a common tea disease in our region.

**What does it look like?**

* Small, pinhole-sized spots on young leaves (less than 1 month old)
* Spots slightly enlarge but no blistering yet
* Mild on a few shoots
* Favored by cool and humid conditions

**How to treat it?**

* Improve air circulation through pruning and shade regulation (maintain 40-60% shade)
* Predictive spraying based on weather forecasts (e.g., if >80% RH for 3 days)
* No fungicide needed if caught early; monitor young shoots weekly
* Apply Trichoderma spp. or Bacillus-based bioagents as preventive foliar spray (1-2 g/L water, twice monthly)

**Practical tips from a local:**

* Prune your tea plants regularly to improve air circulation
* Use overhead irrigation sparingly to reduce humidity
* Monitor your young shoots weekly for any signs of the disease

Remember to handle fungicides and bioagents carefully, and follow all safety instructions when applying them. Wear protective gear, including gloves and a mask, to avoid exposure.",2026-02-22 12:44:20
blister blight high,Hatton,Blister Blight,High,66.4,"Hello there, neighbor! As a tea disease assistant from Hatton, I'm here to help you understand Blister Blight. This disease is quite common in our high-altitude tea gardens.

**Symptoms:**

• Severe blistering on the leaves and stems
• Brown, necrotic blisters that can kill the plant tissue
• Leaves will curl, distort, and drop off
• Stem distortion and dieback
• Widespread shoot dieback
• Secondary infections increase

**Treatments:**

• Urgent: Use systemic fungicides like tridemorph or contaf every 5-7 days for 2-3 weeks to avoid resistance.
• Heavy pruning of infected shoots (remove 15-20 cm below symptoms)
• Regulate nitrogen fertilizers to prevent succulent growth
• Consult experts for resistance checks and use bioagents consortia for long-term management

**Practical tips:**

* Keep a close eye on your tea gardens, especially during peak season.
* Use a combination of fungicides and cultural practices for effective management.
* Share knowledge with fellow farmers in Hatton to build a stronger tea community!

Remember to always wear protective gear when handling fungicides. Wash your hands thoroughly after use. Stay safe!",2026-02-23 10:34:40
