disease,days_after_treatment,initial_affected_area_pct,affected_area_pct,color_deviation,humidity,recovery_score
grey_blight,20,33.17,5,0.082,75.3,87.3
red_rust,13,45.82,43.02,0.56,92.4,7
red_rust,21,32.53,22.86,0.541,80.4,23.5
red_rust,24,26.99,0.43,0.058,66.8,96.1
grey_blight,12,29.44,24.85,0.757,87.3,15.2
red_rust,26,29.35,22.71,0.593,80.5,17.6
red_rust,24,56.66,42.58,0.584,80.4,20.4
grey_blight,20,42.18,37.01,0.596,84.6,15.8
helopeltis,2,31.2,29.96,0.741,95,2.4
blister_blight,27,53.39,5.22,0,56,94.1
helopeltis,33,25.6,13.3,0.25,82.8,55.7
blister_blight,25,47.48,0.1,0,62.5,99.9
red_rust,25,55.92,4.24,0,58.4,95.4
helopeltis,10,54.13,46.59,0.606,85.9,15.4
helopeltis,11,46.86,36.01,0.379,78.8,35
helopeltis,9,29.49,26.8,0.616,88.1,12.1
brown_blight,28,62.43,53.61,0.658,79.6,19.5
helopeltis,1,54.72,57.51,0.81,86.1,2.2
red_rust,21,24.22,12.18,0.426,77.2,42.2
brown_blight,27,32.28,0.1,0,66.3,99.8
grey_blight,18,40.62,4.5,0,57.8,93.4
blister_blight,14,73.35,4.22,0.07,56.4,91.8
brown_blight,13,31.79,7.84,0.165,73,77.4
grey_blight,16,63.72,0.1,0,57.7,99.9
brown_blight,1,49.47,51.05,0.97,89.9,0
brown_blight,11,31.03,5.19,0.05,68.6,86.9
blister_blight,7,61.29,64.4,0.724,84.5,0
helopeltis,24,35.21,22.7,0.287,82.2,42.3
helopeltis,7,43.61,26.49,0.177,65.7,51.6
helopeltis,28,34.69,3.35,0,62.7,94.2
brown_blight,15,59.95,58.24,0.754,81,7.1
blister_blight,13,77.5,5.16,0.017,60.6,94.8
red_rust,19,47.73,32.17,0.829,80.9,22
grey_blight,13,40.9,12.91,0.081,75.5,76.6
brown_blight,6,34.55,11.94,0.279,68.8,65.7
blister_blight,23,36.78,8.43,0.261,74.2,72.2
red_rust,9,25.41,5.75,0.14,62.9,79.3
grey_blight,15,48.6,4.36,0.019,55.3,93.6
helopeltis,4,51.56,53.06,0.73,94.2,4.2
blister_blight,6,65.67,26.99,0.362,68.6,57.3
brown_blight,15,36.63,31.01,0.753,92.8,15.5
blister_blight,21,43.3,2.87,0,63.4,96
brown_blight,21,60.66,44.82,0.693,84.3,21.2
helopeltis,15,27.28,3.71,0.046,56.4,88.7
brown_blight,4,64.93,61.76,0.493,80.5,7.3
brown_blight,17,38.61,0.1,0.016,55.5,98.7
helopeltis,19,33.68,21.34,0.446,82.4,42
red_rust,2,57.66,59.08,0.673,86.4,2.3
grey_blight,7,43.95,5.26,0.051,57.3,90.6
helopeltis,32,18.97,3.17,0,72.1,90
grey_blight,16,25.13,0.91,0.001,62,97.8
helopeltis,9,25.16,21.76,0.523,90.1,15.2
brown_blight,22,47.89,39.94,0.595,79,19.4
grey_blight,7,36.43,29.5,0.81,92.1,13.9
blister_blight,1,75.87,44.98,0.689,64.6,28.7
blister_blight,15,47.55,43.28,0.557,83,7.2
red_rust,16,52.94,0.15,0.101,70.4,92.6
blister_blight,28,72.29,4.53,0.062,69.3,93.3
brown_blight,20,34.88,9.05,0.103,73.1,78.6
helopeltis,31,32.17,1.98,0,58,96.3
brown_blight,12,40.77,23.21,0.453,76.6,44.3
blister_blight,33,62.71,45.1,0.617,80.4,24.6
grey_blight,4,31.02,11.53,0.217,63.7,66.5
brown_blight,18,50.19,17.04,0.405,76.7,60.3
red_rust,28,53.24,0.1,0.01,59.8,99.4
red_rust,16,37.31,26.59,0.683,78.8,20.2
red_rust,21,54.06,51.02,0.817,94.7,7.5
helopeltis,8,30.38,16.62,0.367,68.9,50.2
blister_blight,3,45.65,49.15,0.697,91.3,2.5
grey_blight,5,26.56,19.99,0.573,81.7,24.5
blister_blight,0,57.84,50.79,0.806,64.7,7.3
grey_blight,17,44.92,38.51,0.707,84.7,17.7
grey_blight,10,57.06,18.38,0.093,70.7,74.8
red_rust,3,51.34,47.56,0.873,91.4,4.4
brown_blight,19,45.55,0.1,0,61.5,99.9
brown_blight,20,31.68,25.77,0.445,93.7,21.3
red_rust,1,31.58,24.68,0.69,73.7,18.5
blister_blight,20,73.39,0.1,0.014,66.8,99.2
grey_blight,7,53.98,4.94,0.026,59.5,93
brown_blight,28,46.09,33.02,0.578,90,27.5
red_rust,16,35.97,32.75,0.807,78.9,8.4
blister_blight,22,65.26,50.59,0.786,85.1,19.4
brown_blight,13,44.71,8,0.128,71.6,83.8
blister_blight,4,78.84,77.8,0.857,94.8,0.8
brown_blight,19,54.41,1.57,0.005,60.4,97.9
grey_blight,2,30.31,24.36,0.547,75.5,21
helopeltis,24,45.28,19.59,0.205,79.3,62.9
red_rust,25,53.75,0.39,0.032,68,97.6
red_rust,17,49.01,0.1,0,59.5,99.9
brown_blight,1,61.67,58.89,0.687,77,5.8
brown_blight,22,53.17,45.62,0.495,85.4,20.2
grey_blight,9,58.42,51.67,0.679,86.4,11
grey_blight,20,51.93,4.81,0,71.3,94.4
brown_blight,21,54.69,47.57,0.623,83.3,14.1
red_rust,3,38.85,21.59,0.547,73.9,31.9
grey_blight,15,50.67,18.45,0.132,77.8,72.5
red_rust,5,24.42,2.11,0.231,56.4,84
blister_blight,14,59.64,26.96,0.333,73,58
blister_blight,19,39.64,31.12,0.813,91.1,17.1
helopeltis,7,27.72,26.1,0.51,92,10.4
red_rust,27,52.42,4.45,0.026,65.9,93.7
brown_blight,27,39.31,26.67,0.701,87.3,28.6
helopeltis,24,17.53,8.05,0.214,79.4,58.2
brown_blight,22,46.38,1.19,0.084,71.9,94.3
red_rust,1,56.68,54.92,0.812,86.1,3.8
red_rust,12,28.45,25.95,0.802,85.1,7.1
grey_blight,18,50.95,3.48,0.021,66,94.7
helopeltis,27,53.6,5.82,0.11,65.9,86.7
blister_blight,5,44.82,45.62,0.916,93,1.3
helopeltis,17,31.22,23.74,0.67,94.4,24.6
grey_blight,9,42.34,35.96,0.586,94.9,15.1
helopeltis,7,41.15,23.95,0.224,69,49.9
helopeltis,34,35.49,4.33,0.06,74.5,89.8
helopeltis,20,35.27,28.25,0.423,89.2,22.7
blister_blight,10,70.31,61.18,0.504,80.6,11.5
grey_blight,13,58.53,45.79,0.434,83.4,28.7
blister_blight,16,69.69,63.58,0.683,92.9,8.3
helopeltis,30,42.33,3.39,0,62.3,95.2
grey_blight,2,31.35,23.09,0.469,65.3,34.8
brown_blight,20,40.34,16.37,0.389,76.8,58.1
helopeltis,15,54.96,13.48,0.101,63.8,79.8
grey_blight,8,63.27,22.46,0.227,75,67.4
red_rust,14,39,39.4,0.719,91.9,4.4
brown_blight,24,45.24,0.1,0.025,68.9,98.5
brown_blight,22,30.73,0.4,0.013,62.8,98.5
grey_blight,16,27.66,2.26,0.013,64.2,94.5
grey_blight,13,34.48,31.73,0.723,92.9,11.3
grey_blight,13,55.43,15.53,0.115,76.9,75.7
helopeltis,11,38.06,14.93,0.232,68.7,65.6
helopeltis,25,41.47,2.52,0,63.8,96.4
grey_blight,2,42.95,41.62,0.743,91.5,5.4
helopeltis,20,47.91,9.03,0.007,67.5,88.4
brown_blight,21,62.9,4.16,0,60.3,96
helopeltis,27,22.62,3.36,0,69.7,91.1
grey_blight,3,39.9,20.43,0.216,57.7,58.7
blister_blight,15,65.78,55.55,0.701,79.6,13.6
blister_blight,28,57.6,40.09,0.564,76.6,31.3
brown_blight,2,42.49,28.91,0.679,71,27.6
blister_blight,15,63.51,44.68,0.525,76.4,24.2
blister_blight,0,37.53,34.22,0.733,59.8,5.3
blister_blight,11,66.59,51.34,0.812,86.8,14.1
brown_blight,15,38.67,0.1,0,58.8,99.8
red_rust,0,43.75,40.36,0.693,78,4.6
brown_blight,8,68.21,62.02,0.832,86.5,9.4
helopeltis,19,19.27,11.11,0.267,81,47.4
helopeltis,25,23.71,10.57,0.254,79.8,62.2
helopeltis,7,27.88,21.2,0.427,77.4,29
brown_blight,24,55.86,0.1,0,62,99.9
helopeltis,33,25.5,4.53,0.032,71.9,87.5
brown_blight,17,64.12,0.1,0.028,56.9,98.3
red_rust,21,23.6,1.42,0.002,62.7,96.3
blister_blight,25,44.95,37.95,0.469,94.5,16.1
helopeltis,33,37.55,0.1,0.076,63.2,96.4
grey_blight,11,54.54,7.1,0.026,67.6,90.8
helopeltis,25,15.34,1.43,0,55.8,94.4
grey_blight,20,31.06,24.37,0.375,90,26.4
brown_blight,13,63,26.88,0.278,74.9,61.3
red_rust,28,54.95,0.1,0,55.5,99.9
blister_blight,20,74.49,61.29,0.632,84.4,15.5
helopeltis,34,27.16,20.88,0.491,87.5,27.1
grey_blight,16,45.25,5.09,0.061,69,90.7
red_rust,6,41.4,3.72,0.19,56.5,85.7
red_rust,5,24.88,4.83,0.262,59.4,76.4
red_rust,17,46.92,40.01,0.684,88,13
helopeltis,17,18.62,13.75,0.302,81.7,36.2
red_rust,8,58.31,52.04,0.628,77.6,10.7
brown_blight,2,60.33,61.52,0.755,84.7,3.4
red_rust,3,44.8,50.26,0.92,82.9,0
brown_blight,21,36.61,30.04,0.477,83,22.3
brown_blight,3,69.28,19.87,0.294,63.4,63.5
brown_blight,7,32.59,24.22,0.646,93.2,17.2
grey_blight,11,31.51,0.18,0,62.5,99.7
blister_blight,14,35.12,0.1,0,59.7,99.8
helopeltis,21,48.46,13.21,0.18,75.5,75.1
grey_blight,9,44.32,4.38,0.064,65.7,90.8
brown_blight,24,67.92,0.91,0.072,72.8,95.4
brown_blight,21,39.23,7.19,0.149,73.3,81.9
brown_blight,13,61.28,52.56,0.582,83.3,14.6
helopeltis,23,36,26.52,0.433,83.3,32.8
red_rust,15,50.86,44.47,0.679,81.1,12.2
grey_blight,8,42.36,8.15,0.023,65.3,87.3
red_rust,14,23.87,0.1,0.052,62.1,96.2
brown_blight,21,30.41,25.61,0.638,80.4,19.3
grey_blight,7,36.24,6.22,0.099,63.3,84.5
helopeltis,30,25.26,20.81,0.411,92.4,26.2
blister_blight,7,43.83,33.15,0.493,75.2,22.9
brown_blight,8,69.27,68.26,0.59,79.9,5.3
brown_blight,21,40.76,0.8,0,71.3,98.8
helopeltis,32,45.02,36.03,0.357,84.9,29.8
red_rust,0,32.29,34.98,0.701,89.4,0.1
helopeltis,13,34.47,28.42,0.568,92.4,18.1
helopeltis,25,15.42,2.12,0.055,70.8,89
red_rust,7,24.11,2.84,0.153,60,83.9
blister_blight,31,44.47,3.99,0.017,68.8,93.5
brown_blight,5,50.5,21.54,0.453,71.5,54.2
grey_blight,4,25.57,23.59,0.817,84.5,6.3
brown_blight,27,67.87,26.81,0.307,77.4,62.9
brown_blight,19,59.09,54.59,0.717,84.7,11.1
red_rust,7,47.68,21.57,0.394,73.3,46.8
blister_blight,28,71.62,53.43,0.65,82.4,22
blister_blight,1,42.87,45.88,0.625,94.3,0
grey_blight,11,46.67,46.87,0.556,85.3,6.2
red_rust,11,33.03,5.2,0.263,70.8,76.6
grey_blight,12,61.41,35.24,0.254,80.6,50.2
helopeltis,4,30.52,28.36,0.732,88.2,10.8
grey_blight,7,37.48,12.51,0.083,68.6,74.3
blister_blight,9,63.24,56.45,0.688,89.9,10.2
helopeltis,1,22.87,22.58,0.928,92.9,0.8
grey_blight,6,53.03,13.52,0.101,63.2,79.9
helopeltis,25,45.66,36.2,0.578,93.7,24.6
blister_blight,15,77.78,55.79,0.594,77.9,22.1
blister_blight,1,63.11,51.92,0.775,68.4,15.5
helopeltis,28,47.68,5.19,0,72.9,93.5
helopeltis,2,17.56,15.15,0.615,67.7,15.7
red_rust,20,27.8,21.26,0.827,81.1,17.2
brown_blight,21,43.21,32.08,0.53,85.3,23
red_rust,4,50.25,13.77,0.357,58.3,65.4
brown_blight,2,35.46,30.12,0.762,82.8,12.7
helopeltis,6,22.58,16.49,0.297,71,34.8
red_rust,16,43.57,1.82,0.251,73.2,83
brown_blight,21,55.73,38.55,0.61,86.2,24.4
red_rust,12,46.52,39.97,0.744,82.2,11.5
helopeltis,35,26.94,11.18,0.185,81.9,65.2
blister_blight,25,68.48,0.1,0.058,65,96.2
helopeltis,10,46.56,35.05,0.552,79.1,31.3
blister_blight,1,67.49,64.32,0.653,92.5,3.9
grey_blight,12,54.45,11.55,0.071,72.5,82.9
brown_blight,20,38.51,3.96,0,56.3,93.8
helopeltis,24,35.04,13.35,0.181,77.9,67.7
grey_blight,7,33.09,10.72,0.141,67.6,74.3
brown_blight,27,49.77,32.33,0.446,88.1,31
helopeltis,25,21.14,3.97,0.03,69.7,87.3
grey_blight,21,28.36,0.1,0,68.3,99.8
grey_blight,7,52.94,19.7,0.141,71.6,70.5
blister_blight,13,42.92,4.24,0,55.7,94.1
blister_blight,19,42.27,28.7,0.835,90.9,23.2
brown_blight,21,62.71,0.1,0.036,59.8,98.1
helopeltis,34,39.31,0.1,0.002,58.4,99.7
blister_blight,24,59.45,1.69,0.018,61.4,97.5
brown_blight,5,51.55,33.16,0.413,74.9,38.1
blister_blight,26,58.61,0.39,0.112,72.3,92.9
brown_blight,25,65.79,22.85,0.224,76.9,63.3
grey_blight,16,31.45,3.25,0,58.3,93.8
red_rust,28,46.95,9.05,0.094,73,83.4
brown_blight,5,57.82,7.57,0.079,55.1,87.7
blister_blight,12,37.85,31.81,0.56,94.6,12.6
grey_blight,10,48.17,1.01,0.004,58.4,98.5
blister_blight,26,51.22,1.58,0.065,65.4,94.3
blister_blight,25,37.11,0.1,0.007,65.7,99.5
brown_blight,18,68.83,55.32,0.469,92.7,19.9
blister_blight,22,68.75,52.69,0.635,91.5,19.2
helopeltis,23,20.43,1.81,0.04,60.8,92.3
red_rust,12,29.63,0.89,0.254,70.5,85
helopeltis,4,16.97,12.02,0.507,65.3,34.6
brown_blight,27,35.23,27.29,0.534,86.6,24.5
brown_blight,23,45.74,39.17,0.702,88.1,18.8
grey_blight,14,48.02,1.27,0,55.9,98.4
helopeltis,0,37.96,36.43,0.761,69,2.4
helopeltis,28,36.49,19.83,0.314,82.1,53.5
blister_blight,13,35.6,29.55,0.561,92.7,12.1
red_rust,8,43.52,14.65,0.305,72.1,60.6
grey_blight,17,58.94,2.07,0,71.9,97.9
blister_blight,6,67.42,12.45,0.175,57.5,80.7
brown_blight,19,65.93,42.87,0.495,88.2,28.5
brown_blight,13,32.97,3.78,0.082,64.1,89.5
helopeltis,31,24.44,1.08,0.069,60.7,93.6
red_rust,21,41.78,0.1,0,56.6,99.9
brown_blight,21,56.09,44.3,0.493,88.8,18.7
red_rust,16,47.87,0.1,0.154,68,92.3
brown_blight,27,51.7,37.43,0.501,89.5,29.1
grey_blight,21,62.56,0.1,0.043,55.3,96.9
blister_blight,26,79.9,71.25,0.749,85.1,13.2
helopeltis,11,52.14,40.25,0.408,80.6,29.9
brown_blight,13,30.63,4.19,0.055,68.6,89
grey_blight,0,54.25,57.72,0.628,82.9,0.2
blister_blight,13,67.73,2.04,0.074,68.1,93.7
blister_blight,7,48.97,36.17,0.455,73.2,30
red_rust,1,24.28,20.47,0.641,72.6,13.9
blister_blight,34,60.61,1.06,0,57.5,99
red_rust,10,53.04,47.24,0.623,82.9,9.7
grey_blight,19,45.39,7.7,0.034,75.1,88.3
red_rust,22,33.67,2.84,0.173,72.3,84.8
brown_blight,14,41.39,10.2,0.062,67.3,81
brown_blight,15,49.44,44.42,0.541,91.8,10.1
brown_blight,2,41.35,34.67,0.64,69.4,19.3
red_rust,25,54.66,1.17,0.025,57.4,97.4
brown_blight,20,40.71,31.24,0.708,86.6,21.9
grey_blight,15,52.93,4.81,0,70.8,94.5
brown_blight,15,66.75,59.81,0.691,79,10.8
helopeltis,33,31.25,22.01,0.296,92.1,36.7
helopeltis,1,32.66,32.14,0.642,60.2,8.2
red_rust,18,27.61,25.99,0.803,91.7,6.8
grey_blight,20,51.66,45.39,0.598,86.5,17.6
grey_blight,19,33.14,1.42,0,55.4,97.4
brown_blight,8,47.38,40.47,0.552,86,13
grey_blight,15,44.27,6.23,0,69.5,91.6
helopeltis,1,17.27,14.76,0.586,59.8,17.2
grey_blight,12,56.85,47.89,0.67,85.2,16.4
blister_blight,3,52.6,24.03,0.35,62.3,54.4
blister_blight,33,66.26,0.1,0,65.9,99.9
grey_blight,5,56.12,55.63,0.812,85.4,2.3
grey_blight,11,28.02,5.75,0.07,69.6,84.5
grey_blight,21,62.78,21.14,0.219,80.7,69.6
grey_blight,0,63.56,60.35,0.664,58.6,3
red_rust,5,32.41,19.65,0.709,75.1,28.8
helopeltis,9,18.97,13.77,0.411,79.9,29.7
brown_blight,10,33.74,11.96,0.162,72.6,69
grey_blight,3,44.58,36.47,0.523,80.8,16.2
helopeltis,34,43.36,29.63,0.353,91.2,34.6
grey_blight,21,27.5,0.52,0.009,63.4,98.3
grey_blight,5,49.46,44.76,0.584,82.1,16.1
grey_blight,10,53.35,3.04,0.016,55.3,95.7
grey_blight,12,48.56,43.93,0.686,85.1,11.5
red_rust,24,42.31,25.44,0.638,93.4,26.5
grey_blight,21,48.74,1.66,0.023,57.9,96.6
grey_blight,2,50.42,27.95,0.268,58.6,50.5
brown_blight,5,43.94,13.63,0.195,61.4,73.1
brown_blight,26,56.83,17.27,0.197,77.4,69.5
red_rust,24,30.14,25.69,0.696,80.7,13.6
brown_blight,15,35.26,34.45,0.63,83.6,5.3
blister_blight,29,76.36,0.1,0,58.3,99.9
blister_blight,6,46.28,47.98,0.687,80.3,1.4
brown_blight,19,44.22,40.27,0.72,86.4,12.8
red_rust,25,53.32,14.58,0.432,76.6,63.4
red_rust,15,58.1,51.99,0.542,85.2,11.2
grey_blight,6,32.43,27.48,0.545,81.6,19.2
brown_blight,4,62.92,25.84,0.194,63.4,62.3
grey_blight,16,53.18,0.53,0.004,71.9,99.2
red_rust,13,20.96,1.41,0.217,68.4,86.7
blister_blight,28,50.72,17.9,0.099,73.7,72
red_rust,6,40.94,10.95,0.162,64.1,72.3
brown_blight,17,43.13,5,0.106,72.4,88.2
red_rust,14,28.98,0.1,0.027,57.8,98.5
red_rust,14,40.02,12.89,0.161,72.4,71.1
blister_blight,7,51.85,43.74,0.59,93,10.9
brown_blight,4,49.24,34.97,0.394,72.4,29.7
red_rust,7,20.29,3.22,0.208,56,81.2
grey_blight,2,37.51,35.04,0.612,81.2,7.6
helopeltis,11,53.66,27.08,0.211,72.7,56.9
grey_blight,6,46.92,28.74,0.257,75.8,44.8
grey_blight,21,50,4.1,0.021,67.7,93.8
grey_blight,4,37.48,20.93,0.271,65.2,54.7
blister_blight,12,41.93,37.87,0.672,87.6,11.7
blister_blight,13,38.1,0.1,0.025,58.1,98.8
brown_blight,27,52.31,1.86,0,68.9,97.9
grey_blight,4,58.57,16.44,0.106,55.2,78.4
grey_blight,10,62.6,19.66,0.224,75.2,71.2
helopeltis,30,15.48,1.46,0.003,60.6,94.2
blister_blight,12,79.1,45.58,0.39,74.7,42.7
helopeltis,21,31.7,2.75,0,60.8,94.8
blister_blight,16,38.78,1.71,0.043,68.1,94.2
brown_blight,4,63.92,60.84,0.63,84,2.9
helopeltis,8,43.41,17.2,0.128,59.5,69.3
blister_blight,18,66.78,5.8,0.015,58.3,94.1
brown_blight,22,43.53,34.21,0.58,92.1,22.7
blister_blight,19,78.9,14.37,0.318,73.4,75.7
brown_blight,0,39.87,37.48,0.883,84.1,4.4
grey_blight,18,35.76,3.11,0.035,74,92.8
brown_blight,28,52.45,8.98,0.09,75.9,85
blister_blight,16,43.19,18.75,0.353,74.4,56.4
grey_blight,11,60.02,5.23,0,62.3,94.8
grey_blight,8,32,24.62,0.464,81.9,29.4
blister_blight,7,69.44,0.1,0.112,59.1,94.4
grey_blight,6,34.89,27.28,0.535,80.6,26.1
blister_blight,28,70.95,50.68,0.64,94.9,22.6
blister_blight,22,65.41,62.29,0.553,84.4,8.4
red_rust,5,48.36,42.88,0.825,94.8,8.6
blister_blight,2,73.02,67.77,0.929,85.4,4.3
brown_blight,10,33.97,0.35,0.026,63.4,97.5
helopeltis,4,33.27,21.72,0.403,68.2,37.5
blister_blight,7,68.45,6.49,0.13,57.6,87.8
red_rust,7,40.47,18.61,0.495,74.3,45.6
blister_blight,18,38.85,4.64,0.055,63.3,90.4
blister_blight,2,61.1,30.17,0.284,58.7,50.4
blister_blight,6,65.79,44.7,0.423,72.6,31.9
red_rust,28,47.61,34.67,0.695,92.8,22.3
grey_blight,15,49.99,15.57,0.125,77.9,73.6
blister_blight,32,56.5,1.01,0,58.3,98.9
helopeltis,24,20.04,2.09,0.048,60.2,90.4
helopeltis,11,38.31,12.39,0.127,60,72.5
brown_blight,18,37.89,8.57,0.098,74.2,80.4
blister_blight,3,46.6,22.82,0.47,60.6,49.2
red_rust,16,31.29,0.1,0.01,58.2,99.4
brown_blight,20,60.37,15.14,0.19,75,74.7
brown_blight,8,31.37,30.55,0.519,94.5,4.9
helopeltis,13,37.78,31.19,0.429,88.3,19.4
grey_blight,6,33.25,29.74,0.792,87,11.4
blister_blight,12,57.6,44.81,0.736,78.8,19.5
helopeltis,29,35.31,9.31,0.078,75,79.5
red_rust,18,24.9,20.64,0.726,80.4,15.9
blister_blight,17,37.61,1.2,0,58,98.1
blister_blight,26,79.55,0.1,0,60.6,99.9
red_rust,24,43.23,35.6,0.639,92.4,13.4
blister_blight,2,41.95,36.75,0.539,74.2,11.7
grey_blight,10,64.86,52.64,0.485,86.8,17.3
blister_blight,34,77.31,51.22,0.655,78,26.1
grey_blight,21,25.76,3.55,0.05,74.1,88.4
grey_blight,16,51.97,1.18,0.019,65.4,97.7
red_rust,13,24.88,4.01,0.254,71.6,77.4
helopeltis,6,30.63,26.73,0.641,81.6,17.3
blister_blight,16,61.67,0.1,0.053,58.2,97.3
grey_blight,9,28.14,9.54,0.255,76.8,66.9
grey_blight,0,62.56,67.43,0.739,80.5,0
grey_blight,14,50.28,1.2,0,58.8,98.6
red_rust,22,47.17,0.1,0.006,58.1,99.5
red_rust,6,51.34,6.72,0.435,66.1,73.7
helopeltis,9,45.49,43.02,0.596,92.4,11
brown_blight,27,31.34,0.1,0.037,69.5,98.1
blister_blight,21,68.21,48.83,0.516,77.2,22.5
grey_blight,11,57.23,1.92,0,55.3,98
grey_blight,21,34.81,0.1,0,57.3,99.8
helopeltis,0,19.19,19.01,0.703,71.9,2.1
red_rust,25,48.24,11.3,0.216,75.1,73.4
brown_blight,2,30.92,17.83,0.435,61.2,43.8
helopeltis,8,50.74,32.45,0.202,70.5,47.3
red_rust,23,26.79,0.1,0,57.2,99.8
red_rust,13,35.84,29.01,0.673,85.3,16.5
helopeltis,0,22.36,23.11,0.898,85.3,1.3
grey_blight,0,52.86,50.9,0.737,83.1,3.9
grey_blight,11,46.09,3.75,0.075,70.7,91
blister_blight,27,74.75,5.07,0.011,68,95.3
red_rust,22,35.97,0.84,0.099,71.4,92.3
grey_blight,19,56.41,12.84,0.092,79,81.3
grey_blight,21,64.47,0.1,0,65.9,99.9
grey_blight,10,46.24,27.29,0.26,78.8,50.4
brown_blight,15,54.9,11.23,0.154,73.8,79.6
blister_blight,12,40.81,37.28,0.77,93.2,9.1
blister_blight,34,60.58,34.46,0.626,78,36.8
red_rust,21,57.06,1.22,0.062,71.8,94.2
brown_blight,6,61.31,15.62,0.19,65.6,74.6
brown_blight,20,30.48,23.32,0.69,93.3,25
brown_blight,28,53.96,0.1,0.001,59.6,99.8
brown_blight,15,66.72,5.75,0.057,66.2,92.3
grey_blight,16,26.56,0.88,0,56.4,98
brown_blight,16,31.71,0.1,0.127,69.9,94.1
blister_blight,23,37.86,3.46,0.078,67.4,89.8
blister_blight,18,71.84,1.69,0.06,60.1,96
brown_blight,7,30.22,4.63,0.028,55.3,89.4
helopeltis,3,49.86,38.42,0.522,71.7,26
red_rust,16,34.5,26.54,0.815,87.2,17
brown_blight,22,43.71,11.52,0.258,76.3,71.6
grey_blight,14,51.69,45.48,0.67,86.1,15.9
helopeltis,16,22.67,10.07,0.12,74,67.2
red_rust,15,46.61,17.07,0.413,75,56.6
grey_blight,15,48.07,7.6,0,57.7,90.5
grey_blight,0,55.01,50.45,0.675,61.1,5
red_rust,11,51.21,50.47,0.595,94.9,1.1
blister_blight,27,78.3,0.1,0,59.4,99.9
red_rust,15,20.65,17.65,0.528,84.2,17.5
red_rust,11,49.54,48.2,0.833,81.7,2.5
grey_blight,17,53.16,48.59,0.474,92.4,14.5
helopeltis,3,19.78,14.69,0.54,64.2,30
brown_blight,20,58.36,0.1,0,62.1,99.9
blister_blight,34,74.45,2.63,0.092,71.7,93.9
brown_blight,12,55.52,3.84,0.131,65.3,90.3
red_rust,18,57.54,0.1,0.054,62.2,97
helopeltis,34,30.87,0.67,0.015,72.2,97.9
red_rust,26,46.65,34.89,0.579,94.6,20.9
brown_blight,19,34.84,3.2,0.082,71.8,89.7
grey_blight,1,34.69,30.43,0.542,74.1,14.9
blister_blight,17,59.92,48.29,0.569,93.8,17.6
blister_blight,4,42.36,15.7,0.34,61.6,62.9
grey_blight,15,27.47,0.1,0.03,58.7,98
helopeltis,19,36.68,12.63,0.203,73.4,69.9
brown_blight,16,54.12,46.88,0.488,88.1,16.1
blister_blight,30,43.4,0.71,0.036,66.4,97.4
blister_blight,17,49.23,40.55,0.654,78.5,13.3
grey_blight,14,53.56,49.97,0.58,87.9,5.8
grey_blight,20,60.3,11.38,0,73.7,88.7
grey_blight,18,42.26,28.69,0.608,83.8,31.8
grey_blight,0,55.76,56.93,0.618,81.3,0
blister_blight,28,75.36,13.37,0.175,74,78.4
helopeltis,19,15.68,12.43,0.569,91.4,24.5
blister_blight,16,77.73,0.1,0.017,60.9,99
brown_blight,27,65.88,18.29,0.138,75.8,75.2
helopeltis,34,34.56,4.07,0,71.3,92.9
helopeltis,35,44.35,30.17,0.486,88.6,35.3
helopeltis,25,30.13,0.1,0,58.5,99.8
red_rust,13,32,30.68,0.712,78.8,2.5
grey_blight,1,36.7,31.65,0.511,68.3,17.1
red_rust,28,26.9,12.12,0.533,77.7,48.4
blister_blight,8,57.65,53.03,0.749,82.6,8.5
blister_blight,27,69.71,1.85,0.03,58,96.6
brown_blight,27,38.05,2.26,0.04,70.8,94.7
grey_blight,6,33.29,27.69,0.652,83.5,13.2
blister_blight,6,62.52,15.05,0.165,58.3,77.4
blister_blight,28,41.15,28.9,0.475,83.4,28.7
brown_blight,11,48.41,43.43,0.75,85,11.8
blister_blight,14,61.51,0.1,0.054,66.1,97.3
grey_blight,0,43.36,41.85,0.938,84.3,2.1
helopeltis,5,18.54,16.95,0.552,82.1,11.8
grey_blight,11,64.67,21.59,0.181,76.6,72.1
red_rust,1,34.29,27.62,0.465,68.8,18.6
blister_blight,3,75.07,80.92,0.686,78.7,3
grey_blight,6,55.83,6.24,0.096,55.1,88.9
blister_blight,27,58.46,48.46,0.689,89.7,17
grey_blight,20,46.19,0.83,0.014,64.7,98.3
grey_blight,21,43.16,35.53,0.464,87.9,21.9
helopeltis,33,33,22.48,0.416,92,36.4
helopeltis,13,46.11,39.2,0.628,89.3,17.8
red_rust,23,43.33,32.3,0.85,84.2,18.6
blister_blight,33,72.11,6.8,0.021,68.9,93.3
brown_blight,17,61.3,56.44,0.72,84.4,8.7
helopeltis,2,35.51,27.65,0.698,68.7,20.9
red_rust,16,33.11,8.01,0.157,69.9,77.5
helopeltis,1,43.05,40.06,0.464,55.6,10.7
red_rust,13,33.57,12.5,0.321,75.2,56
brown_blight,0,54.04,59.33,0.709,83.2,0
helopeltis,0,39.95,41.1,0.709,60.4,0.2
red_rust,15,32.31,8.29,0.38,74.1,66.4
brown_blight,12,61.82,51.57,0.74,92.1,13.8
grey_blight,16,57.87,33.93,0.232,81.4,50.7
brown_blight,20,61.71,43.11,0.331,78.1,37
blister_blight,31,36.41,24.43,0.637,80.5,27.6
brown_blight,25,40.26,29.78,0.478,81.2,27.2
red_rust,20,36.61,3.24,0.151,71.9,84.7
brown_blight,1,49.2,43.39,0.765,82.4,7.1
blister_blight,6,65.61,67.25,0.524,79.7,2
helopeltis,21,39.82,22.49,0.344,80.5,50.3
blister_blight,1,47.82,30.24,0.495,56.5,32.1
brown_blight,5,64.91,6.58,0.18,59.5,85.7
red_rust,26,55.77,45.49,0.471,80.8,17.1
helopeltis,12,53.66,50.65,0.637,92.8,11.5
brown_blight,20,46.71,35.23,0.795,94.4,21.2
grey_blight,20,45.63,0.1,0.026,65.7,98.7
grey_blight,11,33.47,32.27,0.627,94.8,8
helopeltis,26,54.82,11.05,0.089,73,84.1
brown_blight,19,64.84,58.38,0.455,83.6,14.7
red_rust,26,42.92,3.9,0.042,68,92.5
blister_blight,21,71.98,0.1,0.05,68.8,97
grey_blight,7,61.85,37.64,0.373,78.3,45.5
blister_blight,16,78.59,64.25,0.783,82.5,15.3
red_rust,16,52.59,50.69,0.687,79.5,6.1
brown_blight,7,69.53,31.68,0.262,72.7,54.5
helopeltis,21,38.91,23.3,0.331,81.6,47.2
grey_blight,11,35.69,4.19,0.033,63.8,90.8
blister_blight,8,77.99,5.26,0.103,61.2,88.8
blister_blight,2,79.81,77.52,0.815,82.9,1.7
red_rust,7,26.58,1.01,0.177,62.2,88.5
grey_blight,10,42.82,1.82,0.044,63.4,95.6
blister_blight,31,70.77,53.28,0.623,82.7,24.1
brown_blight,8,32.31,27.04,0.523,82.8,13.7
brown_blight,22,49.07,4.67,0.062,70.8,91.6
grey_blight,19,31.88,25.32,0.594,92,22.3
blister_blight,28,41.27,36.82,0.627,86.8,14.3
helopeltis,11,47.53,30.09,0.239,78.5,45.5
grey_blight,12,31.41,19.42,0.46,81.9,38.2
helopeltis,29,26.41,13.46,0.158,80.2,59.9
grey_blight,7,47.26,43.57,0.542,89.3,7.1
blister_blight,0,72.75,73.07,0.819,60,0
blister_blight,5,52.62,47.93,0.647,76.3,7.5
grey_blight,14,44.85,0.1,0.039,70.2,98.2
red_rust,21,40.1,6.42,0.009,63,90
blister_blight,32,77.37,0.1,0.046,70.4,97.1
helopeltis,6,23.53,19.34,0.584,89.7,12.9
helopeltis,1,17.83,16.99,0.797,81.4,3.3
brown_blight,8,50.51,7.9,0.136,66.7,83.8
brown_blight,27,61.07,0.3,0,59.9,99.7
blister_blight,32,72.02,0.1,0.049,69.4,97.8
brown_blight,2,32.91,17.52,0.386,58.1,45.1
blister_blight,21,65.85,0.5,0.203,72.2,90.2
helopeltis,9,21.96,12.28,0.189,68.5,57
helopeltis,15,28.67,23.84,0.461,94.4,16.8
red_rust,21,21.61,2.93,0.403,75.5,74.7
brown_blight,15,64.72,58.33,0.559,87.2,13
grey_blight,13,46.55,0.1,0,57.4,99.9
red_rust,14,50.7,5.62,0.112,67.3,86.2
brown_blight,23,35.96,0.1,0.006,67.2,99.5
brown_blight,26,69.19,50.43,0.429,81.2,25.7
helopeltis,24,31.72,25.88,0.392,89.1,25
blister_blight,1,69.69,65.89,0.518,71.9,7.7
blister_blight,3,76.95,82.09,0.704,77.6,0
red_rust,14,44.04,40.76,0.61,82.8,5.6
blister_blight,24,42.04,0.1,0.042,65,98.1
brown_blight,18,45.26,0.1,0,60.2,99.9
helopeltis,28,50.03,7.94,0.037,65.9,88.2
blister_blight,8,50.53,39.56,0.858,86,16.1
grey_blight,5,52.89,49.7,0.769,83.6,7.1
brown_blight,18,31.38,27.04,0.608,93.8,15.6
red_rust,14,23.83,1.6,0.152,67.7,89.4
brown_blight,9,68.99,15.89,0.161,69.8,75.7
blister_blight,12,64.15,0.1,0.026,55,98.3
helopeltis,2,46.56,35.95,0.373,59.8,27.3
red_rust,24,29.26,24.5,0.584,89,15.8
helopeltis,10,46.07,43.5,0.7,88.9,10.3
grey_blight,17,56.74,51.11,0.539,94.6,13.7
grey_blight,15,53.97,47.18,0.553,84.8,16.1
red_rust,22,22.74,3.38,0.097,71.7,84.2
blister_blight,28,68.65,54.48,0.752,93.1,20.2
blister_blight,7,53.38,19.48,0.368,69.9,58.8
brown_blight,27,40.99,34.24,0.652,87.9,19.4
helopeltis,27,18.98,1.68,0.006,55.6,94.4
red_rust,13,32.91,20.67,0.678,77.2,31.9
red_rust,22,33.99,25.1,0.795,89.5,21.4
helopeltis,20,26.15,19.25,0.492,93.4,26.1
blister_blight,24,67.77,24.95,0.338,74.8,62.4
brown_blight,9,56.41,53.95,0.675,85.6,4.2
red_rust,19,36.1,27.81,0.633,90.4,15.9
grey_blight,5,57.15,12.43,0.129,60.5,79.3
red_rust,7,39.45,3.04,0.139,59.4,87.9
blister_blight,5,76.84,63.98,0.683,87.3,11.9
blister_blight,8,52.96,5.46,0.065,57.2,90.5
brown_blight,23,65.99,0.1,0.004,55.9,99.7
brown_blight,11,48.61,5.69,0.031,57.4,91
red_rust,14,46.45,43.87,0.535,81.1,5.7
helopeltis,2,25.13,25.4,0.617,87.1,1
blister_blight,4,78.4,75.04,0.887,85.4,3.5
blister_blight,22,55.82,9.83,0,67.1,89.4
red_rust,2,34.33,32.32,0.825,91.5,5.7
red_rust,11,34.21,2.3,0.099,56.8,91.7
blister_blight,30,71.9,0.1,0.028,64.1,98.1
brown_blight,20,56.3,4.26,0.054,67.4,92
red_rust,3,31.07,3.81,0.381,56.8,73.3
red_rust,4,24.59,18.36,0.663,74.6,20.7
red_rust,8,42.56,3.21,0.233,65.4,80.6
red_rust,12,24.57,18.7,0.721,92.6,18.9
helopeltis,23,22.14,7.57,0.102,74.7,74.2
grey_blight,8,47.88,39.64,0.627,94.4,17.6
helopeltis,7,33.65,20.83,0.278,69.5,44.9
blister_blight,21,49.77,0.1,0.007,61.2,99.4
helopeltis,28,48.54,28.79,0.353,83.6,44
blister_blight,15,71.3,58.78,0.683,81.4,13.9
helopeltis,3,24.1,19.04,0.316,61.6,29.7
blister_blight,22,72.18,66.13,0.682,87,12.1
blister_blight,12,59.29,1.64,0.043,63.1,95.5
grey_blight,15,60.38,2.76,0.065,68.8,94
blister_blight,29,67.67,50.06,0.564,94,24.4
helopeltis,17,46.87,15.8,0.103,68.6,75.1
helopeltis,33,21.91,9.61,0.099,79.9,67.2
grey_blight,18,29.86,12.2,0.17,80.4,66.9
helopeltis,26,43.7,33.74,0.335,86.1,29.7
grey_blight,13,49.85,0.36,0.041,68.4,97.2
brown_blight,27,55.47,46.27,0.435,79.6,20.6
red_rust,27,47.03,32.72,0.568,79.7,20.6
helopeltis,5,30.82,27.67,0.575,82.5,10
brown_blight,22,40.21,32.69,0.597,81.5,19.3
blister_blight,35,36.83,25.98,0.478,78.6,27.8
helopeltis,30,24.56,0.37,0,66.3,99.1
grey_blight,10,58.88,3.71,0.041,55.9,93.8
helopeltis,18,49.21,14.55,0.042,69.4,79.7
brown_blight,12,34.17,5.95,0.095,70.4,85.5
brown_blight,8,60.1,6.07,0.028,58.6,92.6
blister_blight,27,69.58,0.1,0,56.7,99.9
helopeltis,23,44.4,39.72,0.46,89.7,14.9
brown_blight,3,64.86,30.2,0.274,65.3,56.4
grey_blight,18,29.1,5.58,0.056,75.6,85.9
helopeltis,12,43.8,9.86,0.076,59,81.9
helopeltis,35,27.2,2.19,0,62.7,95.2
red_rust,28,25.72,18.47,0.603,84.7,22.9
helopeltis,28,25.96,8.28,0.227,78.7,70.1
blister_blight,14,78.54,0.1,0.031,62.4,97.9
helopeltis,4,16.57,10.56,0.312,55.9,44.8
helopeltis,11,54.1,47.06,0.547,89.1,15.1
grey_blight,10,57.99,3.25,0.057,66.7,93.7
helopeltis,22,21.43,14.7,0.334,83,35.9
helopeltis,12,45.65,22.69,0.227,71.3,58.8
grey_blight,11,35.11,33.94,0.748,92.6,7.5
helopeltis,17,27.8,22.07,0.551,85.5,21.8
blister_blight,24,59.28,47.32,0.651,86.6,16
helopeltis,13,16.96,10.24,0.299,77.9,45.5
blister_blight,19,56.77,2.33,0.033,65.8,96.1
helopeltis,3,34.3,24.23,0.486,63.6,36.2
helopeltis,3,50.55,50.78,0.772,82.7,4.6
red_rust,28,31.93,25.08,0.598,86,18.6
blister_blight,13,76.83,64.34,0.796,88.2,15.2
brown_blight,7,54.71,49.48,0.812,89.8,8.3
red_rust,0,36.06,37.28,0.537,68.5,2
blister_blight,20,77.02,0.1,0,55.3,99.9
grey_blight,18,47.87,42.43,0.538,91.3,16.1
grey_blight,17,29.11,2.11,0,62.6,95.7
red_rust,20,26.73,19.6,0.75,88.5,17.6
grey_blight,16,26.22,4.36,0.01,63.2,89.6
red_rust,11,30.96,29.46,0.575,93.2,4.3
red_rust,5,36.11,38.54,0.7,81.9,0
blister_blight,30,50.39,34.19,0.563,87.9,30.8
blister_blight,35,39.4,5.96,0.145,74.7,82.8
blister_blight,33,67.47,51.31,0.465,79.4,23.6
grey_blight,16,29.37,22.59,0.543,89.2,20.2
helopeltis,29,34.52,2.51,0.023,63.2,94.4
brown_blight,28,33.26,0.31,0,71.1,99.4
red_rust,25,49.37,0.1,0.085,68.7,94.2
helopeltis,23,19.73,16.62,0.422,93.2,21.8
red_rust,17,24.81,0.1,0.038,57.7,97.9
blister_blight,25,43.32,26.19,0.728,93.8,32.1
helopeltis,18,30.75,12.86,0.103,73.9,67.9
blister_blight,4,60.96,49.81,0.62,74.7,19.1
grey_blight,2,57.33,49.11,0.355,65.2,29.5
red_rust,11,23.28,1.62,0.111,56.4,90.9
brown_blight,20,62.01,3.36,0,64.3,96.8
brown_blight,24,63.31,0.1,0.013,55.4,99.1
red_rust,1,29.25,21.95,0.494,64.7,21.1
grey_blight,1,53.61,49.23,0.572,66.3,15.6
red_rust,14,41.51,0.1,0.071,66.1,95.2
red_rust,8,31.33,5.23,0.484,71,68.4
helopeltis,30,18.41,12.68,0.411,89.6,35.9
brown_blight,11,52.66,10.18,0.206,70.6,79.3
red_rust,18,51.34,44.4,0.597,83,8.1
brown_blight,18,62.71,0.1,0,63.5,99.9
grey_blight,6,25.88,17.62,0.463,78.3,39.5
blister_blight,20,62.14,0.1,0.063,64.8,97.2
red_rust,25,36.49,0.1,0,57.9,99.8
red_rust,1,35.91,35.7,0.751,94,1.7
helopeltis,19,27.07,22.8,0.619,91,21.4
grey_blight,10,34.16,17.04,0.309,78.9,53.8
helopeltis,33,50.56,12.94,0.085,77.8,80
grey_blight,20,49.95,22.7,0.195,80.9,63.4
blister_blight,20,44.29,0.1,0,55.4,99.9
blister_blight,33,58.83,51.74,0.706,87.6,15.2
red_rust,22,34.18,0.1,0.022,67.1,98.6
helopeltis,33,53.62,37.49,0.552,91.6,34.6
red_rust,5,43,5.95,0.253,63.3,75.7
red_rust,24,21.11,15.03,0.731,79.9,19.3
brown_blight,6,57.45,9.92,0.076,57.8,86.4
grey_blight,21,30.11,26.88,0.442,85.6,18.4
brown_blight,28,67.88,47.81,0.628,93.7,29.5
blister_blight,14,36,1.57,0.108,67.9,89.5
blister_blight,17,41.9,34.67,0.79,78.4,15.2
helopeltis,0,43.22,41.12,0.653,75.9,2.9
red_rust,10,57.71,0.42,0.081,58.3,95.4
blister_blight,9,69.36,6.07,0.091,60.6,89.8
helopeltis,10,49.01,21.91,0.135,66.6,65.5
blister_blight,10,78.86,76.31,0.811,83.9,4.3
red_rust,12,38.56,0.1,0.083,59.7,96.2
brown_blight,3,33.92,25.96,0.643,74.5,22.4
brown_blight,2,65.48,58.62,0.916,80.8,6.3
grey_blight,3,59.54,44.81,0.61,78.5,26.3
blister_blight,5,78.16,29.83,0.435,68.7,58.4
blister_blight,29,50.38,40.81,0.516,80.3,18.1
brown_blight,8,65.85,59.62,0.723,78.8,11
grey_blight,7,33.28,5.08,0.012,61.1,90.3
brown_blight,4,35.99,24.04,0.515,72,36.9
grey_blight,21,49.14,3.07,0,69.3,96.3
helopeltis,2,53.57,42.75,0.605,61.5,24.5
red_rust,23,30.98,23.37,0.673,80,17.7
helopeltis,25,36.86,3.6,0.035,58.7,92.6
helopeltis,32,30.29,2.35,0,67.1,95.4
helopeltis,31,26.86,19.09,0.439,92.2,33.2
blister_blight,23,68.19,4.52,0.147,73.1,85.6
red_rust,9,26.38,3.22,0.296,68.4,79.5
grey_blight,14,41.3,37.28,0.519,88.1,12.9
red_rust,6,45.43,15.72,0.429,69.2,57
red_rust,5,33.49,32.13,0.573,88.1,5.7
red_rust,20,32.79,0.1,0,57.3,99.8
helopeltis,29,27.57,21.5,0.511,93.3,29.4
brown_blight,27,63.77,49.45,0.6,87.2,22.1
red_rust,22,50.06,0.1,0.01,60.3,99.3
helopeltis,15,54.04,10.9,0.111,63.9,83
red_rust,15,24.22,19.18,0.872,88.6,13.8
helopeltis,17,34.89,7.96,0.028,62.1,84.9
helopeltis,34,42.07,1.42,0,67.1,98
red_rust,12,53.09,0.62,0,56.7,99.3
helopeltis,11,16.92,16.44,0.634,92.9,8.3
red_rust,19,59.83,1.53,0.302,72.4,85
brown_blight,7,34.05,28.81,0.857,88.9,13
helopeltis,16,31.14,10.1,0.171,68.3,71.7
grey_blight,13,57.37,50.67,0.703,86.5,16.7
brown_blight,1,44.7,27.21,0.405,57.7,35.6
helopeltis,5,18.42,16.26,0.702,93.9,9.3
grey_blight,12,37.61,4.19,0.054,66,90.3
grey_blight,13,25.55,0.1,0,64.9,99.8
blister_blight,28,67.47,1.82,0,56.9,98.4
red_rust,27,43.71,0.1,0,60.9,99.9
brown_blight,18,54.39,26.53,0.272,77.5,53.9
helopeltis,17,53.68,30.05,0.226,77.8,52.4
red_rust,22,52.84,27.08,0.613,77.7,37.6
red_rust,2,22.63,21.29,0.695,90.7,3.5
brown_blight,7,68.2,67.46,0.54,87.8,2.5
helopeltis,30,15.16,11.44,0.54,95,29
helopeltis,4,24.13,13.82,0.322,57.3,49.8
brown_blight,25,44.93,0.1,0.011,64.1,99.3
red_rust,18,29.67,0.76,0.168,72,90.1
red_rust,15,25.02,19.82,0.577,93.5,17.6
brown_blight,23,66.16,56.73,0.499,91.4,16
red_rust,28,27.74,18.45,0.541,80.7,28
grey_blight,3,44.51,16.52,0.19,58.1,66.7
helopeltis,0,36.57,36.34,0.591,65.2,0.4
red_rust,10,59.58,52.82,0.76,82.4,9.7
brown_blight,28,37.41,0.1,0.024,58.2,98.5
brown_blight,7,33.72,6.21,0.176,65.3,80.9
red_rust,6,41.84,40.6,0.605,92,2
red_rust,6,21.72,21.64,0.605,86.2,0.5
red_rust,19,52.22,48.62,0.614,92.9,10.6
brown_blight,27,40.12,34.59,0.709,86.2,17
brown_blight,28,59.99,0.1,0.06,71.5,96.9
brown_blight,0,55.83,52.06,0.547,56.8,5
brown_blight,7,68.8,5.48,0.064,58.8,92.5
helopeltis,21,31.28,5.68,0.057,63.8,85.5
helopeltis,11,41.67,36.39,0.358,79.9,26.7
grey_blight,16,64.14,56.42,0.789,89.3,13.2
brown_blight,0,63.75,65.41,0.656,65.2,1.4
grey_blight,5,25.46,11.62,0.19,71.4,59.5
red_rust,15,54.32,46.41,0.721,84.2,12
helopeltis,31,48.44,0.19,0,61.2,99.8
helopeltis,28,43.78,0.45,0,56.1,99.4
helopeltis,20,22.7,2.1,0.051,59.1,91.5
red_rust,17,36.31,0.24,0.043,61.4,97.5
helopeltis,12,26.61,16.99,0.333,77.5,43.3
helopeltis,8,32.15,9.97,0.105,57.2,75.4
red_rust,19,39.38,33.26,0.749,82.8,15
helopeltis,25,35.58,30.09,0.602,89.3,22.4
grey_blight,10,25.77,20.23,0.653,86.2,21.2
helopeltis,16,45.87,18.44,0.233,74.4,65.2
grey_blight,2,59.19,33.21,0.406,61.6,47.9
red_rust,25,56.77,4.61,0.084,72,91.3
blister_blight,4,48.85,44.73,0.773,87.7,5.1
brown_blight,19,37.41,34.6,0.621,91.7,12.3
red_rust,21,45.76,0.43,0.086,70.2,94.7
blister_blight,7,66.38,23.46,0.315,66.9,64.6
grey_blight,6,30.1,6.44,0.148,66.4,80.5
blister_blight,7,46.27,47.62,0.728,78.6,1.2
grey_blight,6,36.14,29.96,0.575,81.2,24
blister_blight,33,58.07,0.1,0,64.2,99.9
red_rust,17,51.18,0.1,0,55.6,99.9
helopeltis,21,38.09,20.72,0.372,80.9,50.5
helopeltis,15,34.5,29.71,0.586,92.8,16.3
helopeltis,29,33.28,5.68,0.056,74,86.9
helopeltis,14,38.13,24.29,0.352,78.9,42.5
red_rust,16,32.35,0.39,0.117,66.7,93.2
blister_blight,16,58.02,4.5,0.005,61.3,95.1
grey_blight,18,57.68,53.14,0.562,89.1,13.3
brown_blight,12,58.71,8.3,0.103,71,84.9
red_rust,3,25.73,22.25,0.531,81.3,11.2
grey_blight,6,44.33,42.29,0.542,88.5,6.6
red_rust,18,43.08,1.92,0.051,68.8,94.8
grey_blight,13,38.26,33.62,0.614,89.2,12.9
grey_blight,11,29.4,29.8,0.708,92,5.8
helopeltis,10,37.16,15.37,0.176,66.9,66.4
brown_blight,17,56.35,18.71,0.134,74.9,72.9
brown_blight,26,51.67,38.27,0.69,85.5,24.2
red_rust,26,22.18,0.1,0.026,67.6,98.5
brown_blight,1,35.29,35.44,0.937,78.7,0
red_rust,14,47.02,19.48,0.355,75.4,49.9
helopeltis,30,31.69,22.61,0.335,90.1,33.9
brown_blight,11,43.24,13.61,0.228,73,67.1
blister_blight,2,51.49,45.82,0.673,73.2,9.7
red_rust,13,29.94,17.78,0.449,76.5,37
red_rust,28,53.29,36.06,0.475,87.2,26.9
helopeltis,2,50.93,54.07,0.525,92.4,4.6
red_rust,23,21.27,16.26,0.498,86.3,19.3
red_rust,22,26.08,0.91,0.034,68.1,96.3
grey_blight,10,37.72,36.88,0.655,93.4,7.6
red_rust,24,43.97,5.7,0.307,75.5,78.8
red_rust,10,51.6,5.07,0.174,67.7,82
blister_blight,34,36.37,23.35,0.644,89.7,31
helopeltis,19,20.53,17.04,0.622,84.5,20.7
red_rust,17,38.87,0.1,0.054,58.7,96.2
grey_blight,20,62.62,6.49,0,55.6,93.8
grey_blight,1,36.98,33.81,0.569,69.3,15.3
grey_blight,17,58.35,10.88,0.045,75,85.7
blister_blight,31,55.58,51.38,0.689,88.7,10.3
blister_blight,17,78.81,0.1,0.045,66.4,98
red_rust,18,24.73,0.1,0.063,71.1,95.3
helopeltis,3,26.31,19.3,0.379,67.2,32.5
brown_blight,6,62.98,25.64,0.261,69.3,62.9
blister_blight,1,69.9,55.99,0.788,73.1,11.9
blister_blight,32,64.03,2.2,0,62,97.9
helopeltis,26,31.45,18.31,0.426,83.2,46.1
brown_blight,1,67.03,63.58,0.662,72.5,6.5
grey_blight,3,49.4,34.12,0.249,67.5,42.9
red_rust,8,56.21,33.07,0.472,74.7,37.2
brown_blight,7,51.2,49.74,0.733,88.2,3.3
brown_blight,3,38.23,17.42,0.32,59.9,55.9
grey_blight,13,56.01,0.41,0.042,65.9,97.2
red_rust,5,54.91,37.26,0.651,75,27.5
brown_blight,21,31.24,22.71,0.615,93.8,24.5
grey_blight,21,25.77,20.5,0.517,88.1,23.4
grey_blight,18,58.54,42.48,0.667,87.2,25.6
blister_blight,33,64.37,6.46,0.015,64.5,93.3
blister_blight,11,50.34,51.35,0.77,92.2,3.8
grey_blight,8,59.47,9.18,0.03,66,89
red_rust,21,25.02,0.1,0.003,61.9,99.6
blister_blight,25,40.14,2.08,0.108,71.6,90.6
helopeltis,8,26.04,25.29,0.562,84.2,8.9
grey_blight,16,38.49,0.1,0,60.7,99.8
helopeltis,14,54.9,9.2,0.04,56.3,87.7
helopeltis,32,34.41,3.11,0.006,61,94.2
blister_blight,18,52.51,0.1,0,55.4,99.9
helopeltis,12,37.58,26.93,0.491,79,35.4
blister_blight,14,46.52,0.1,0.008,56.6,99.3
blister_blight,11,78.29,76.81,0.778,86.6,4.2
blister_blight,2,51.77,37.01,0.666,70.8,23.6
grey_blight,9,40.96,35.39,0.738,88.6,12
brown_blight,14,47.95,0.1,0.028,58.4,98.5
blister_blight,3,42.15,29.45,0.46,73.7,28.2
red_rust,26,32.31,3.25,0,64.7,94
brown_blight,14,35.23,31.7,0.613,93.8,12.3
red_rust,7,24.46,19.02,0.687,77.8,15.6
blister_blight,29,50.38,1.79,0.024,58.7,96.6
helopeltis,2,20.35,19.92,0.594,93.1,4
brown_blight,17,64.29,54.36,0.615,91.2,18.1
red_rust,23,48.2,42.57,0.753,84.7,9.6
red_rust,20,26.35,19.65,0.633,93,19.8
red_rust,16,40.53,0.1,0.007,60.2,99.5
brown_blight,11,59.14,52.37,0.742,86.1,12
red_rust,13,20.58,0.1,0.037,64.9,97
brown_blight,7,40.97,7.54,0.11,58.2,82.8
red_rust,10,29.7,1.84,0.069,58.7,91.8
grey_blight,3,57.44,59.31,0.8,88.4,0.6
grey_blight,19,61.09,50.57,0.458,90.1,21.6
helopeltis,19,15.16,5.54,0.117,75,71.6
helopeltis,19,35.77,7.01,0.009,62.9,87.7
helopeltis,19,52.51,40.16,0.445,82.2,33.2
brown_blight,28,34.23,25.99,0.503,80.6,25.5
brown_blight,22,62.02,1.78,0.005,63,97.9
blister_blight,25,56.65,42.93,0.562,90.4,21.3
grey_blight,17,33.17,2.06,0.015,56.7,95.3
red_rust,15,52.41,3.03,0.193,72.2,85.2
grey_blight,18,40.46,8.73,0.071,75.5,84
red_rust,21,39.13,0.4,0,55.8,99.4
grey_blight,2,32.17,31.89,0.805,87,1.3
helopeltis,22,54.25,15.89,0.1,73.7,77.9
red_rust,27,37.13,0.1,0,57.5,99.8
blister_blight,29,35.24,27.78,0.708,94,22
grey_blight,7,30.89,28.04,0.711,93.9,10.1
brown_blight,9,60.25,25.11,0.355,73.3,59.3
blister_blight,35,37.61,27.69,0.41,89.6,27.2
helopeltis,2,38.29,35.07,0.547,67,14.8
helopeltis,14,19.61,11.65,0.299,78.5,46.6
grey_blight,4,30.01,11.85,0.26,63,65.2
blister_blight,20,79.43,0.1,0.052,61,97.6
brown_blight,17,36.56,3.24,0.098,72.5,90.2
blister_blight,32,73.22,56.88,0.721,81.3,17.5
red_rust,21,25.56,1.75,0.183,72.6,87.4
grey_blight,19,39.28,1.71,0.009,69.2,96.8
grey_blight,8,59.01,10.29,0.073,63.5,85.9
grey_blight,19,49.88,35.74,0.726,94.7,24.3
brown_blight,27,31.83,0.1,0,60.6,99.8
blister_blight,15,59.18,14.35,0.308,73.4,67.6
brown_blight,8,68.71,63.54,0.9,89.3,6.1
helopeltis,10,54.02,18.37,0.114,57.6,73.6
grey_blight,17,31.72,3.12,0.024,74,92.5
brown_blight,2,33.49,31.91,0.686,83.8,5.3
red_rust,24,57.39,45.5,0.864,91.4,14.1
brown_blight,12,57.24,0.18,0,62.3,99.8
blister_blight,13,60.26,13.43,0.198,70.3,74.3
brown_blight,13,67.63,1.43,0,65.4,98.7
red_rust,9,50.05,43.79,0.541,85.2,11.2
brown_blight,12,48.16,42.81,0.541,82.5,10.9
brown_blight,6,69.87,62.9,0.745,87.6,9.3
blister_blight,13,67.95,4.63,0.001,55.1,95.9
helopeltis,17,40.15,25.71,0.421,80.6,40.8
helopeltis,17,45.69,40.91,0.6,92.1,17.1
red_rust,19,50.41,0.1,0.055,61.2,96.8
helopeltis,5,33.99,26.04,0.406,68.5,32.2
grey_blight,9,64.21,3.42,0,57.7,96.8
helopeltis,34,25.79,13.69,0.224,83.1,53.1
grey_blight,3,41.31,26.85,0.466,73.8,38.7
helopeltis,6,20.25,13.27,0.334,67.4,40.7
brown_blight,26,31.74,30.13,0.662,80.3,12.5
grey_blight,9,33.79,0.32,0,55.8,99.4
helopeltis,6,40.64,40.63,0.747,86.5,2.3
grey_blight,13,43.6,36.93,0.775,88.9,16.2
red_rust,5,37.68,29.84,0.783,80.9,15.3
blister_blight,27,47.3,37.74,0.733,93,19.3
red_rust,1,45.11,37.46,0.633,62.7,20.3
red_rust,11,50.09,46.01,0.687,91.2,5.1
grey_blight,0,53.19,59,0.896,87.7,0
red_rust,15,41.19,32.49,0.792,84.3,14
grey_blight,8,60.05,7.26,0,59.1,92.7
blister_blight,34,44.66,4.88,0,70.1,93.4
grey_blight,2,25.64,25.04,0.639,86.3,1.7
grey_blight,12,51.36,6.7,0,63.4,92.2
helopeltis,9,36.42,24.12,0.387,74.1,42.4
red_rust,26,47.31,2.73,0,64.4,96.5
brown_blight,6,44.68,16.76,0.17,68.7,65.7
blister_blight,11,53.17,0.95,0,57.6,98.9
brown_blight,5,61.43,15.05,0.137,59.7,79.5
grey_blight,17,57.93,50.29,0.45,90.6,19.1
blister_blight,16,49.36,37.03,0.727,88.2,17.4
brown_blight,20,39.94,0.1,0.013,60.4,99.2
helopeltis,25,42.21,33.53,0.573,88,27.1
blister_blight,24,45.35,1.93,0.059,63.5,94.3
brown_blight,10,55.83,55.5,0.691,80.5,5.3
helopeltis,15,45.79,40.33,0.584,94,16.3
grey_blight,7,34.3,6.44,0.069,66.2,84.5
grey_blight,6,50.1,18.13,0.187,70.4,70.3
brown_blight,1,60.38,59.08,0.725,94.5,1.3
red_rust,14,41.39,31.86,0.796,89.4,17.5
brown_blight,23,52.46,27.76,0.294,77.4,50.4
red_rust,13,40.01,1.22,0.038,57.8,95.7
blister_blight,21,49.02,37.09,0.624,86.2,21.6
red_rust,3,51.69,54.88,0.696,82.1,0
helopeltis,7,30.78,27.54,0.771,89.7,12.4
blister_blight,16,43.2,34.58,0.496,77.6,18.8
brown_blight,12,65.29,50.68,0.797,81.8,17.2
blister_blight,29,50.78,34.47,0.676,78.6,27.1
grey_blight,6,30.75,12.63,0.289,72.2,61.8
brown_blight,16,48.37,0.1,0,57.1,99.9
brown_blight,24,47.81,8.76,0.168,75.6,80.7
grey_blight,3,38.48,40.71,0.729,95,4.2
blister_blight,35,63.85,48.66,0.72,82.8,21.6
red_rust,14,47.55,41.03,0.678,90.9,8.9
blister_blight,14,40.39,2.62,0.118,68.5,90
red_rust,11,51.99,34.78,0.606,77.2,26.6
blister_blight,9,52.01,46.28,0.688,83.2,9.3
blister_blight,4,60.05,54.99,0.668,77.9,8
brown_blight,1,45.46,41.88,0.914,77.6,6.2
helopeltis,19,44.2,9.8,0.059,69.3,83.2
grey_blight,20,35.62,2.72,0,55.7,95.4
blister_blight,33,50.19,36.03,0.48,91,28.8
